{
    "acc": 0.6814024390243902,
    "Accuracy:": 0.6814024390243902,
    "Recall:": 0.3442622950819672,
    "Precision:": 0.631578947368421,
    "F1 Score:": 0.44562334217506633
}
